{
  "checkpoint": "/usershome/cs671_user13/group_42/fusion/checkpoints/best_model.pth",
  "clips_csv": "/usershome/cs671_user13/ego4d_data/v2/full_scale/pipeline/data/clips_index.csv",
  "t_seq": 16,
  "stride": 8,
  "auc_roc": 0.995197285883413,
  "f1": 0.7966666666666666,
  "precision": 0.6927536231884058,
  "recall": 0.9372549019607843,
  "confusion_matrix": [
    [
      6552,
      106
    ],
    [
      16,
      239
    ]
  ],
  "class_counts": {
    "0": 6658,
    "1": 255
  },
  "pred_pos_rate": 0.049905974251410384
}